"DT_GERACAO";"HH_GERACAO";"ANO_ELEICAO";"CD_TIPO_ELEICAO";"NM_TIPO_ELEICAO";"NR_TURNO";"CD_ELEICAO";"DS_ELEICAO";"DT_ELEICAO";"TP_ABRANGENCIA";"SG_UF";"SG_UE";"NM_UE";"CD_MUNICIPIO";"NM_MUNICIPIO";"NR_ZONA";"CD_CARGO";"DS_CARGO";"SQ_CANDIDATO";"NR_CANDIDATO";"NM_CANDIDATO";"NM_URNA_CANDIDATO";"NM_SOCIAL_CANDIDATO";"CD_SITUACAO_CANDIDATURA";"DS_SITUACAO_CANDIDATURA";"CD_DETALHE_SITUACAO_CAND";"DS_DETALHE_SITUACAO_CAND";"TP_AGREMIACAO";"NR_PARTIDO";"SG_PARTIDO";"NM_PARTIDO";"SQ_COLIGACAO";"NM_COLIGACAO";"DS_COMPOSICAO_COLIGACAO";"CD_SIT_TOT_TURNO";"DS_SIT_TOT_TURNO";"ST_VOTO_EM_TRANSITO";"QT_VOTOS_NOMINAIS"
"13/05/2022";"19:53:47";"2006";"2";"Eleição Ordinária";"1";"2006001";"ELEIÇÕES GERAIS 2006 PRIMEIRO TURNO";"01/10/2006";"F";"AC";"AC";"ACRE";"01120";"ACRELÂNDIA";"8";"5";"Senador";"10028";"131";"SEBASTIÃO AFONSO VIANA MACEDO NEVES";"TIÃO VIANA";"#NE";"12";"APTO";"2";"DEFERIDO";"Coligação";"13";"PT";"PARTIDO DOS TRABALHADORES";"1000";"FRENTE POPULAR DO ACRE I";"PP / PT / PL / PRTB / PMN / PSB / PC do B";"1";"ELEITO";"N";"2961"
"13/05/2022";"19:53:47";"2006";"2";"Eleição Ordinária";"1";"2006001";"ELEIÇÕES GERAIS 2006 PRIMEIRO TURNO";"01/10/2006";"F";"AL";"AL";"ALAGOAS";"27030";"ANADIA";"4";"5";"Senador";"10541";"288";"FERNANDO AFFONSO COLLOR DE MELLO";"COLLOR";"#NE";"12";"APTO";"2";"DEFERIDO";"Partido isolado";"28";"PRTB";"PARTIDO RENOVADOR TRABALHISTA BRASILEIRO";"-1";"PARTIDO ISOLADO";"PRTB";"1";"ELEITO";"N";"5143"
"13/05/2022";"19:53:47";"2006";"2";"Eleição Ordinária";"1";"2006001";"ELEIÇÕES GERAIS 2006 PRIMEIRO TURNO";"01/10/2006";"F";"AM";"AM";"AMAZONAS";"02895";"ALVARÃES";"60";"5";"Senador";"10366";"222";"ALFREDO PEREIRA DO NASCIMENTO";"ALFREDO NASCIMENTO";"#NE";"12";"APTO";"2";"DEFERIDO";"Coligação";"22";"PL";"PARTIDO LIBERAL";"1020";"COM A FORCA DO POVO";"PRONA / PSB / PT / PC do B / PL";"1";"ELEITO";"N";"3759"
"13/05/2022";"19:53:47";"2006";"2";"Eleição Ordinária";"1";"2006001";"ELEIÇÕES GERAIS 2006 PRIMEIRO TURNO";"01/10/2006";"F";"AP";"AP";"AMAPÁ";"06084";"AMAPARI";"11";"5";"Senador";"10083";"151";"JOSÉ SARNEY";"SARNEY";"#NE";"12";"APTO";"2";"DEFERIDO";"Coligação";"15";"PMDB";"PARTIDO DO MOVIMENTO DEMOCRÁTICO BRASILEIRO";"1004";"UNIÃO PELO AMAPÁ";"PDT / PP / PMDB / PV / PSC / PRONA";"1";"ELEITO";"N";"1518"
"13/05/2022";"19:53:47";"2006";"2";"Eleição Ordinária";"1";"2006001";"ELEIÇÕES GERAIS 2006 PRIMEIRO TURNO";"01/10/2006";"F";"BA";"BA";"BAHIA";"33030";"ABARÉ";"158";"5";"Senador";"10570";"123";"JOÃO DURVAL CARNEIRO";"JOÃO DURVAL";"#NE";"12";"APTO";"2";"DEFERIDO";"Coligação";"12";"PDT";"PARTIDO DEMOCRÁTICO TRABALHISTA";"1016";"A BAHIA NO CORAÇÃO";"PDT / PSC / PRTB";"1";"ELEITO";"N";"2101"
"13/05/2022";"19:53:47";"2006";"2";"Eleição Ordinária";"1";"2006001";"ELEIÇÕES GERAIS 2006 PRIMEIRO TURNO";"01/10/2006";"F";"CE";"CE";"CEARÁ";"13013";"ABAIARA";"26";"5";"Senador";"10271";"656";"INÁCIO FRANCISCO DE ASSIS NUNES ARRUDA";"INÁCIO";"#NE";"12";"APTO";"2";"DEFERIDO";"Coligação";"65";"PC do B";"PARTIDO COMUNISTA DO BRASIL";"1009";"CEARÁ VOTA PARA CRESCER";"PSB / PT / PC do B / PMDB / PRB / PP / PHS / PMN / PV";"1";"ELEITO";"N";"2408"
"13/05/2022";"19:53:47";"2006";"2";"Eleição Ordinária";"1";"2006001";"ELEIÇÕES GERAIS 2006 PRIMEIRO TURNO";"01/10/2006";"F";"DF";"DF";"DISTRITO FEDERAL";"97012";"BRASÍLIA";"1";"5";"Senador";"10524";"151";"JOAQUIM DOMINGOS RORIZ";"RORIZ";"#NE";"12";"APTO";"2";"DEFERIDO";"Coligação";"15";"PMDB";"PARTIDO DO MOVIMENTO DEMOCRÁTICO BRASILEIRO";"1024";"JUNTOS POR BRASÍLIA";"PSDB / PMDB / PTB / PAN / PHS / PTC / PRP / PT do B";"1";"ELEITO";"N";"34307"
"13/05/2022";"19:53:47";"2006";"2";"Eleição Ordinária";"1";"2006001";"ELEIÇÕES GERAIS 2006 PRIMEIRO TURNO";"01/10/2006";"F";"ES";"ES";"ESPÍRITO SANTO";"56014";"AFONSO CLÁUDIO";"8";"5";"Senador";"10448";"400";"JOSÉ RENATO CASAGRANDE";"RENATO CASAGRANDE";"#NE";"12";"APTO";"2";"DEFERIDO";"Coligação";"40";"PSB";"PARTIDO SOCIALISTA BRASILEIRO";"1022";"ESPÍRITO SANTO PRESENTE";"PRB / PT / PSC / PL / PMN / PSB / PV / PC do B";"1";"ELEITO";"N";"9557"
"13/05/2022";"19:53:47";"2006";"2";"Eleição Ordinária";"1";"2006001";"ELEIÇÕES GERAIS 2006 PRIMEIRO TURNO";"01/10/2006";"F";"GO";"GO";"GOIÁS";"93360";"ABADIA DE GOIÁS";"56";"5";"Senador";"10094";"456";"MARCONI FERREIRA PERILLO JUNIOR";"MARCONI PERILLO";"#NE";"12";"APTO";"2";"DEFERIDO";"Coligação";"45";"PSDB";"PARTIDO DA SOCIAL DEMOCRACIA BRASILEIRA";"1003";"COLIGAÇÃO DO TEMPO NOVO";"PP / PTB / PTN / PL / PPS / PAN / PRTB / PHS / PMN / PV / PRP / PSDB / PT do B";"1";"ELEITO";"N";"2657"
"13/05/2022";"19:53:47";"2006";"2";"Eleição Ordinária";"1";"2006001";"ELEIÇÕES GERAIS 2006 PRIMEIRO TURNO";"01/10/2006";"F";"MA";"MA";"MARANHÃO";"07013";"AFONSO CUNHA";"28";"5";"Senador";"10561";"141";"EPITACIO CAFETEIRA AFONSO PEREIRA";"EPITÁCIO CAFETEIRA";"#NE";"12";"APTO";"2";"DEFERIDO";"Coligação";"14";"PTB";"PARTIDO TRABALHISTA BRASILEIRO";"1008";"MARANHÃO - A FORÇA DO POVO 1";"PP / PTB / PMDB / PTN / PSC / PL / PFL / PRTB / PHS / PV / PRP";"1";"ELEITO";"N";"1459"
"13/05/2022";"19:53:47";"2006";"2";"Eleição Ordinária";"1";"2006001";"ELEIÇÕES GERAIS 2006 PRIMEIRO TURNO";"01/10/2006";"F";"MG";"MG";"MINAS GERAIS";"40010";"ABADIA DOS DOURADOS";"96";"5";"Senador";"10103";"250";"ELISEU RESENDE";"ELISEU RESENDE";"#NE";"12";"APTO";"2";"DEFERIDO";"Coligação";"25";"PFL";"PARTIDO DA FRENTE LIBERAL";"1001";"MINAS NÃO PODE PARAR";"PP / PTB / PSC / PL / PPS / PFL / PAN / PHS / PSB / PSDB";"1";"ELEITO";"N";"2788"
"13/05/2022";"19:53:47";"2006";"2";"Eleição Ordinária";"1";"2006001";"ELEIÇÕES GERAIS 2006 PRIMEIRO TURNO";"01/10/2006";"F";"MS";"MS";"MATO GROSSO DO SUL";"55018";"ALCINÓPOLIS";"12";"5";"Senador";"10056";"456";"MARISA JOAQUINA MONTEIRO SERRANO";"MARISA SERRANO";"#NE";"12";"APTO";"2";"DEFERIDO";"Coligação";"45";"PSDB";"PARTIDO DA SOCIAL DEMOCRACIA BRASILEIRA";"1002";"AMOR, TRABALHO E FÉ";"PMDB / PSC / PL / PPS / PFL / PAN / PRTB / PMN / PTC / PSDB / PT do B";"1";"ELEITO";"N";"1513"
"13/05/2022";"19:53:47";"2006";"2";"Eleição Ordinária";"1";"2006001";"ELEIÇÕES GERAIS 2006 PRIMEIRO TURNO";"01/10/2006";"F";"PA";"PA";"PARÁ";"04014";"ABAETETUBA";"7";"5";"Senador";"10278";"456";"MÁRIO COUTO FILHO";"MÁRIO COUTO";"#NE";"12";"APTO";"2";"DEFERIDO";"Coligação";"45";"PSDB";"PARTIDO DA SOCIAL DEMOCRACIA BRASILEIRA";"1002";"UNIÃO PELO PARÁ";"PP / PTB / PSC / PL / PFL / PAN / PRTB / PHS / PMN / PTC / PV / PRP / PSDB / PRONA / PT do B";"1";"ELEITO";"N";"28798"
"13/05/2022";"19:53:47";"2006";"2";"Eleição Ordinária";"1";"2006001";"ELEIÇÕES GERAIS 2006 PRIMEIRO TURNO";"01/10/2006";"F";"PE";"PE";"PERNAMBUCO";"26310";"ABREU E LIMA";"119";"5";"Senador";"10300";"156";"JARBAS DE ANDRADE VASCONCELOS";"JARBAS";"#NE";"12";"APTO";"2";"DEFERIDO";"Coligação";"15";"PMDB";"PARTIDO DO MOVIMENTO DEMOCRÁTICO BRASILEIRO";"1020";"UNIAO POR PERNAMBUCO";"PMDB / PTN / PPS / PFL / PHS / PSDB";"1";"ELEITO";"N";"28317"
"13/05/2022";"19:53:47";"2006";"2";"Eleição Ordinária";"1";"2006001";"ELEIÇÕES GERAIS 2006 PRIMEIRO TURNO";"01/10/2006";"F";"PI";"PI";"PIAUÍ";"12327";"ACAUÃ";"38";"5";"Senador";"10106";"141";"JOÃO VICENTE DE MACEDO CLAUDINO";"JOÃO VICENTE CLAUDINO";"#NE";"12";"APTO";"2";"DEFERIDO";"Coligação";"14";"PTB";"PARTIDO TRABALHISTA BRASILEIRO";"1001";"COLIGAÇÃO  A VITORIA DA FORÇA DO POVO ";"PT / PSB / PTB / PC do B / PL";"1";"ELEITO";"N";"2943"
"13/05/2022";"19:53:47";"2006";"2";"Eleição Ordinária";"1";"2006001";"ELEIÇÕES GERAIS 2006 PRIMEIRO TURNO";"01/10/2006";"F";"PR";"PR";"PARANÁ";"74012";"ABATIÁ";"82";"5";"Senador";"10778";"456";"ALVARO FERNANDES DIAS";"ALVARO DIAS";"#NE";"12";"APTO";"2";"DEFERIDO";"Partido isolado";"45";"PSDB";"PARTIDO DA SOCIAL DEMOCRACIA BRASILEIRA";"-1";"PARTIDO ISOLADO";"PSDB";"1";"ELEITO";"N";"3195"
"13/05/2022";"19:53:47";"2006";"2";"Eleição Ordinária";"1";"2006001";"ELEIÇÕES GERAIS 2006 PRIMEIRO TURNO";"01/10/2006";"F";"RO";"RO";"RONDÔNIA";"00310";"ALTA FLORESTA DO OESTE";"17";"5";"Senador";"10406";"234";"EXPEDITO GONÇALVES FERREIRA JUNIOR";"EXPEDITO JUNIOR";"#NE";"12";"APTO";"2";"DEFERIDO";"Coligação";"23";"PPS";"PARTIDO POPULAR SOCIALISTA";"1008";"O TRABALHO CONTINUA";"PTN / PPS / PFL / PAN / PV / PRONA";"1";"ELEITO";"N";"6616"
"13/05/2022";"19:53:47";"2006";"2";"Eleição Ordinária";"1";"2006001";"ELEIÇÕES GERAIS 2006 PRIMEIRO TURNO";"01/10/2006";"F";"RR";"RR";"RORAIMA";"03050";"ALTO ALEGRE";"3";"5";"Senador";"10098";"145";"FRANCISCO MOZARILDO DE MELO CAVALCANTI";"MOZARILDO";"#NE";"12";"APTO";"2";"DEFERIDO";"Coligação";"14";"PTB";"PARTIDO TRABALHISTA BRASILEIRO";"1004";"RORAIMA PRA TODOS";"PP / PTB / PL / PFL / PSDB";"1";"ELEITO";"N";"3307"
"13/05/2022";"19:53:47";"2006";"2";"Eleição Ordinária";"1";"2006001";"ELEIÇÕES GERAIS 2006 PRIMEIRO TURNO";"01/10/2006";"F";"RS";"RS";"RIO GRANDE DO SUL";"88986";"ACEGUÁ";"7";"5";"Senador";"10480";"151";"PEDRO JORGE SIMON";"SIMON";"#NE";"12";"APTO";"2";"DEFERIDO";"Coligação";"15";"PMDB";"PARTIDO DO MOVIMENTO DEMOCRÁTICO BRASILEIRO";"1024";"UNIÃO PELO RIO GRANDE";"PMDB / PTB / PMN";"1";"ELEITO";"N";"1218"
"13/05/2022";"19:53:47";"2006";"2";"Eleição Ordinária";"1";"2006001";"ELEIÇÕES GERAIS 2006 PRIMEIRO TURNO";"01/10/2006";"F";"SP";"SP";"SÃO PAULO";"61018";"ADAMANTINA";"157";"5";"Senador";"12607";"131";"EDUARDO MATARAZZO SUPLICY";"EDUARDO SUPLICY";"#NE";"12";"APTO";"2";"DEFERIDO";"Coligação";"13";"PT";"PARTIDO DOS TRABALHADORES";"1008";" MELHOR PRA SÃO PAULO ";"PRB / PT / PL / PC do B";"1";"ELEITO";"N";"4628"
"13/05/2022";"19:53:47";"2006";"2";"Eleição Ordinária";"1";"2006001";"ELEIÇÕES GERAIS 2006 PRIMEIRO TURNO";"01/10/2006";"F";"TO";"TO";"TOCANTINS";"73008";"ABREULÂNDIA";"7";"5";"Senador";"10268";"255";"KÁTIA REGINA DE ABREU";"KÁTIA ABREU";"#NE";"12";"APTO";"2";"DEFERIDO";"Coligação";"25";"PFL";"PARTIDO DA FRENTE LIBERAL";"1024";"ALIANÇA DA VITÓRIA";"PMDB / PPS / PFL";"1";"ELEITO";"N";"730"
"13/05/2022";"19:53:47";"2006";"2";"Eleição Ordinária";"1";"2006001";"ELEIÇÕES GERAIS 2006 PRIMEIRO TURNO";"01/10/2006";"F";"AC";"AC";"ACRE";"01120";"ACRELÂNDIA";"8";"6";"Deputado Federal";"10033";"1399";"FERNANDO MELO DA COSTA";"FERNANDO MELO";"#NE";"12";"APTO";"2";"DEFERIDO";"Coligação";"13";"PT";"PARTIDO DOS TRABALHADORES";"1000";"FRENTE POPULAR DO ACRE I";"PP / PT / PL / PRTB / PMN / PSB / PC do B";"1";"ELEITO";"N";"123"
"13/05/2022";"19:53:47";"2006";"2";"Eleição Ordinária";"1";"2006001";"ELEIÇÕES GERAIS 2006 PRIMEIRO TURNO";"01/10/2006";"F";"AC";"AC";"ACRE";"01120";"ACRELÂNDIA";"8";"6";"Deputado Federal";"10190";"1555";"FLAVIANO FLÁVIO BAPTISTA DE MELO";"FLAVIANO MELO";"#NE";"12";"APTO";"2";"DEFERIDO";"Coligação";"15";"PMDB";"PARTIDO DO MOVIMENTO DEMOCRÁTICO BRASILEIRO";"1024";"FRENTE CIDADÃ";"PDT / PMDB / PPS";"1";"ELEITO";"N";"131"
"13/05/2022";"19:53:47";"2006";"2";"Eleição Ordinária";"1";"2006001";"ELEIÇÕES GERAIS 2006 PRIMEIRO TURNO";"01/10/2006";"F";"AC";"AC";"ACRE";"01120";"ACRELÂNDIA";"8";"6";"Deputado Federal";"10024";"1122";"GLADSON DE LIMA CAMELI";"GLADSON CAMELI";"#NE";"12";"APTO";"2";"DEFERIDO";"Coligação";"11";"PP";"PARTIDO PROGRESSISTA";"1000";"FRENTE POPULAR DO ACRE I";"PP / PT / PL / PRTB / PMN / PSB / PC do B";"1";"ELEITO";"N";"120"
"13/05/2022";"19:53:47";"2006";"2";"Eleição Ordinária";"1";"2006001";"ELEIÇÕES GERAIS 2006 PRIMEIRO TURNO";"01/10/2006";"F";"AC";"AC";"ACRE";"01120";"ACRELÂNDIA";"8";"6";"Deputado Federal";"10194";"2323";"ILDERLEI SOUZA RODRIGUES CORDEIRO";"ILDERLEI CORDEIRO";"#NE";"12";"APTO";"2";"DEFERIDO";"Coligação";"23";"PPS";"PARTIDO POPULAR SOCIALISTA";"1024";"FRENTE CIDADÃ";"PDT / PMDB / PPS";"1";"ELEITO";"N";"52"
"13/05/2022";"19:53:47";"2006";"2";"Eleição Ordinária";"1";"2006001";"ELEIÇÕES GERAIS 2006 PRIMEIRO TURNO";"01/10/2006";"F";"AC";"AC";"ACRE";"01120";"ACRELÂNDIA";"8";"6";"Deputado Federal";"10031";"1313";"NILSON MOURA LEITE MOURÃO";"NILSON MOURÃO";"#NE";"12";"APTO";"2";"DEFERIDO";"Coligação";"13";"PT";"PARTIDO DOS TRABALHADORES";"1000";"FRENTE POPULAR DO ACRE I";"PP / PT / PL / PRTB / PMN / PSB / PC do B";"1";"ELEITO";"N";"539"
"13/05/2022";"19:53:47";"2006";"2";"Eleição Ordinária";"1";"2006001";"ELEIÇÕES GERAIS 2006 PRIMEIRO TURNO";"01/10/2006";"F";"AC";"AC";"ACRE";"01120";"ACRELÂNDIA";"8";"6";"Deputado Federal";"10044";"6513";"MARIA PERPÉTUA ALMEIDA";"PERPÉTUA";"#NE";"12";"APTO";"2";"DEFERIDO";"Coligação";"65";"PC do B";"PARTIDO COMUNISTA DO BRASIL";"1000";"FRENTE POPULAR DO ACRE I";"PP / PT / PL / PRTB / PMN / PSB / PC do B";"1";"ELEITO";"N";"560"
"13/05/2022";"19:53:47";"2006";"2";"Eleição Ordinária";"1";"2006001";"ELEIÇÕES GERAIS 2006 PRIMEIRO TURNO";"01/10/2006";"F";"AC";"AC";"ACRE";"01120";"ACRELÂNDIA";"8";"6";"Deputado Federal";"10038";"3333";"SERGIO DE OLIVEIRA CUNHA";"PETECÃO";"#NE";"12";"APTO";"2";"DEFERIDO";"Coligação";"33";"PMN";"PARTIDO DA MOBILIZAÇÃO NACIONAL";"1000";"FRENTE POPULAR DO ACRE I";"PP / PT / PL / PRTB / PMN / PSB / PC do B";"1";"ELEITO";"N";"1355"
"13/05/2022";"19:53:47";"2006";"2";"Eleição Ordinária";"1";"2006001";"ELEIÇÕES GERAIS 2006 PRIMEIRO TURNO";"01/10/2006";"F";"AL";"AL";"ALAGOAS";"27030";"ANADIA";"4";"6";"Deputado Federal";"10057";"1111";"BENEDITO DE LIRA";"BENEDITO DE LIRA";"#NE";"12";"APTO";"2";"DEFERIDO";"Coligação";"11";"PP";"PARTIDO PROGRESSISTA";"1001";"ALAGOAS MUDAR PARA CRESCER";"PP / PTB / PFL / PMN / PV";"1";"ELEITO";"N";"758"
"13/05/2022";"19:53:47";"2006";"2";"Eleição Ordinária";"1";"2006001";"ELEIÇÕES GERAIS 2006 PRIMEIRO TURNO";"01/10/2006";"F";"AL";"AL";"ALAGOAS";"27030";"ANADIA";"4";"6";"Deputado Federal";"10063";"2525";"CRISTIANO MATHEUS DA SILVA E SOUSA";"CRISTIANO MATHEUS";"#NE";"12";"APTO";"2";"DEFERIDO";"Coligação";"25";"PFL";"PARTIDO DA FRENTE LIBERAL";"1001";"ALAGOAS MUDAR PARA CRESCER";"PP / PTB / PFL / PMN / PV";"1";"ELEITO";"N";"368"
"13/05/2022";"19:53:47";"2006";"2";"Eleição Ordinária";"1";"2006001";"ELEIÇÕES GERAIS 2006 PRIMEIRO TURNO";"01/10/2006";"F";"AL";"AL";"ALAGOAS";"27030";"ANADIA";"4";"6";"Deputado Federal";"10064";"2566";"GERONIMO CIQUEIRA DA SILVA";"GERÔNIMO DA ADEFAL";"#NE";"12";"APTO";"2";"DEFERIDO";"Coligação";"25";"PFL";"PARTIDO DA FRENTE LIBERAL";"1001";"ALAGOAS MUDAR PARA CRESCER";"PP / PTB / PFL / PMN / PV";"1";"ELEITO";"N";"892"
"13/05/2022";"19:53:47";"2006";"2";"Eleição Ordinária";"1";"2006001";"ELEIÇÕES GERAIS 2006 PRIMEIRO TURNO";"01/10/2006";"F";"AL";"AL";"ALAGOAS";"27030";"ANADIA";"4";"6";"Deputado Federal";"10204";"4040";"GIVALDO DE SÁ GOUVEIA CARIMBÃO";"GIVALDO CARIMBÃO";"#NE";"12";"APTO";"2";"DEFERIDO";"Coligação";"40";"PSB";"PARTIDO SOCIALISTA BRASILEIRO";"1005";"ALAGOAS LIVRE E JUSTA";"PDT / PHS / PTC / PSB / PRP";"1";"ELEITO";"N";"483"
"13/05/2022";"19:53:47";"2006";"2";"Eleição Ordinária";"1";"2006001";"ELEIÇÕES GERAIS 2006 PRIMEIRO TURNO";"01/10/2006";"F";"AL";"AL";"ALAGOAS";"27030";"ANADIA";"4";"6";"Deputado Federal";"10243";"1599";"JOAQUIM BELTRÃO SIQUEIRA";"JAOQUIM BELTRÃO";"#NE";"12";"APTO";"2";"DEFERIDO";"Coligação";"15";"PMDB";"PARTIDO DO MOVIMENTO DEMOCRÁTICO BRASILEIRO";"1009";"ALAGOAS: PAZ E DESENVOLVIMENTO";"PMDB / PPS / PSDB / PT do B";"1";"ELEITO";"N";"92"
"13/05/2022";"19:53:47";"2006";"2";"Eleição Ordinária";"1";"2006001";"ELEIÇÕES GERAIS 2006 PRIMEIRO TURNO";"01/10/2006";"F";"AL";"AL";"ALAGOAS";"27030";"ANADIA";"4";"6";"Deputado Federal";"10240";"1515";"OLAVO CALHEIROS FILHO";"OLAVO";"#NE";"12";"APTO";"2";"DEFERIDO";"Coligação";"15";"PMDB";"PARTIDO DO MOVIMENTO DEMOCRÁTICO BRASILEIRO";"1009";"ALAGOAS: PAZ E DESENVOLVIMENTO";"PMDB / PPS / PSDB / PT do B";"1";"ELEITO";"N";"622"
"13/05/2022";"19:53:47";"2006";"2";"Eleição Ordinária";"1";"2006001";"ELEIÇÕES GERAIS 2006 PRIMEIRO TURNO";"01/10/2006";"F";"AM";"AM";"AMAZONAS";"02895";"ALVARÃES";"60";"6";"Deputado Federal";"10592";"1555";"ATILA SIDNEY LINS ALBUQUERQUE";"ATILA LINS";"#NE";"12";"APTO";"2";"DEFERIDO";"Coligação";"15";"PMDB";"PARTIDO DO MOVIMENTO DEMOCRÁTICO BRASILEIRO";"1041";"PELO BEM DO AMAZONAS";"PP / PTB / PMDB / PRTB / PMN";"1";"ELEITO";"N";"946"
"13/05/2022";"19:53:47";"2006";"2";"Eleição Ordinária";"1";"2006001";"ELEIÇÕES GERAIS 2006 PRIMEIRO TURNO";"01/10/2006";"F";"AM";"AM";"AMAZONAS";"02895";"ALVARÃES";"60";"6";"Deputado Federal";"10599";"1111";"CARLOS ALBERTO CAVALCANTE DE SOUZA";"CARLOS SOUZA";"#NE";"12";"APTO";"2";"DEFERIDO";"Coligação";"11";"PP";"PARTIDO PROGRESSISTA";"1041";"PELO BEM DO AMAZONAS";"PP / PTB / PMDB / PRTB / PMN";"1";"ELEITO";"N";"49"
"13/05/2022";"19:53:47";"2006";"2";"Eleição Ordinária";"1";"2006001";"ELEIÇÕES GERAIS 2006 PRIMEIRO TURNO";"01/10/2006";"F";"AM";"AM";"AMAZONAS";"02895";"ALVARÃES";"60";"6";"Deputado Federal";"10325";"4040";"MARCELO AUGUSTO DA EIRA CORREA";"MARCELO SERAFIM";"#NE";"12";"APTO";"2";"DEFERIDO";"Coligação";"40";"PSB";"PARTIDO SOCIALISTA BRASILEIRO";"1020";"COM A FORCA DO POVO";"PRONA / PSB / PT / PC do B / PL";"1";"ELEITO";"N";"211"
"13/05/2022";"19:53:47";"2006";"2";"Eleição Ordinária";"1";"2006001";"ELEIÇÕES GERAIS 2006 PRIMEIRO TURNO";"01/10/2006";"F";"AM";"AM";"AMAZONAS";"02895";"ALVARÃES";"60";"6";"Deputado Federal";"10342";"1313";"FRANCISCO EDNALDO PRACIANO";"PRACIANO";"#NE";"12";"APTO";"2";"DEFERIDO";"Coligação";"13";"PT";"PARTIDO DOS TRABALHADORES";"1020";"COM A FORCA DO POVO";"PRONA / PSB / PT / PC do B / PL";"1";"ELEITO";"N";"110"
"13/05/2022";"19:53:47";"2006";"2";"Eleição Ordinária";"1";"2006001";"ELEIÇÕES GERAIS 2006 PRIMEIRO TURNO";"01/10/2006";"F";"AM";"AM";"AMAZONAS";"02895";"ALVARÃES";"60";"6";"Deputado Federal";"10612";"2525";"RAIMUNDO SABINO CASTELO BRANCO MAUES";"SABINO CASTELO BRANCO";"#NE";"12";"APTO";"2";"DEFERIDO";"Coligação";"25";"PFL";"PARTIDO DA FRENTE LIBERAL";"1042";"AMAZONAS PARA TODOS I";"PTN / PSC / PFL / PAN / PHS / PTC";"1";"ELEITO";"N";"43"
"13/05/2022";"19:53:47";"2006";"2";"Eleição Ordinária";"1";"2006001";"ELEIÇÕES GERAIS 2006 PRIMEIRO TURNO";"01/10/2006";"F";"AM";"AM";"AMAZONAS";"02895";"ALVARÃES";"60";"6";"Deputado Federal";"10601";"1477";"SILAS CAMARA";"SILAS CAMARA";"#NE";"12";"APTO";"2";"DEFERIDO";"Coligação";"14";"PTB";"PARTIDO TRABALHISTA BRASILEIRO";"1041";"PELO BEM DO AMAZONAS";"PP / PTB / PMDB / PRTB / PMN";"1";"ELEITO";"N";"1500"
"13/05/2022";"19:53:47";"2006";"2";"Eleição Ordinária";"1";"2006001";"ELEIÇÕES GERAIS 2006 PRIMEIRO TURNO";"01/10/2006";"F";"AM";"AM";"AMAZONAS";"02895";"ALVARÃES";"60";"6";"Deputado Federal";"10357";"6565";"VANESSA GRAZZIOTIN";"VANESSA";"#NE";"12";"APTO";"2";"DEFERIDO";"Coligação";"65";"PC do B";"PARTIDO COMUNISTA DO BRASIL";"1020";"COM A FORCA DO POVO";"PRONA / PSB / PT / PC do B / PL";"1";"ELEITO";"N";"83"
"13/05/2022";"19:53:47";"2006";"2";"Eleição Ordinária";"1";"2006001";"ELEIÇÕES GERAIS 2006 PRIMEIRO TURNO";"01/10/2006";"F";"AP";"AP";"AMAPÁ";"06084";"AMAPARI";"11";"6";"Deputado Federal";"10088";"1212";"SEBASTIÃO FERREIRA DA ROCHA";"BALA";"#NE";"12";"APTO";"2";"DEFERIDO";"Coligação";"12";"PDT";"PARTIDO DEMOCRÁTICO TRABALHISTA";"1005";" AMAPÁ MAIS FORTE ";"PP / PDT / PSC / PV / PRONA";"1";"ELEITO";"N";"52"
"13/05/2022";"19:53:47";"2006";"2";"Eleição Ordinária";"1";"2006001";"ELEIÇÕES GERAIS 2006 PRIMEIRO TURNO";"01/10/2006";"F";"AP";"AP";"AMAPÁ";"06084";"AMAPARI";"11";"6";"Deputado Federal";"10292";"1512";"FÁTIMA LÚCIA PELAES";"FÁTIMA PELAES";"#NE";"12";"APTO";"2";"DEFERIDO";"Partido isolado";"15";"PMDB";"PARTIDO DO MOVIMENTO DEMOCRÁTICO BRASILEIRO";"-1";"PARTIDO ISOLADO";"PMDB";"1";"ELEITO";"N";"711"
"13/05/2022";"19:53:47";"2006";"2";"Eleição Ordinária";"1";"2006001";"ELEIÇÕES GERAIS 2006 PRIMEIRO TURNO";"01/10/2006";"F";"AP";"AP";"AMAPÁ";"06084";"AMAPARI";"11";"6";"Deputado Federal";"10210";"4040";"JANETE MARIA GÓES CAPIBERIBE";"JANETE 4040";"#NE";"12";"APTO";"2";"DEFERIDO";"Partido isolado";"40";"PSB";"PARTIDO SOCIALISTA BRASILEIRO";"-1";"PARTIDO ISOLADO";"PSB";"1";"ELEITO";"N";"193"
"13/05/2022";"19:53:47";"2006";"2";"Eleição Ordinária";"1";"2006001";"ELEIÇÕES GERAIS 2006 PRIMEIRO TURNO";"01/10/2006";"F";"AP";"AP";"AMAPÁ";"06084";"AMAPARI";"11";"6";"Deputado Federal";"10249";"2345";"MARIA LUCENIRA FERREIRA OLIVEIRA PIMENTEL";"LUCENIRA PIMENTEL";"#NE";"12";"APTO";"2";"DEFERIDO";"Coligação";"23";"PPS";"PARTIDO POPULAR SOCIALISTA";"1008";"AMAPA DESENVOLVIMENTO COM DIGNIDADE";"PTB / PTN / PPS / PFL / PRTB / PMN / PSDB / PT do B";"1";"ELEITO";"N";"90"
"13/05/2022";"19:53:47";"2006";"2";"Eleição Ordinária";"1";"2006001";"ELEIÇÕES GERAIS 2006 PRIMEIRO TURNO";"01/10/2006";"F";"AP";"AP";"AMAPÁ";"06084";"AMAPARI";"11";"6";"Deputado Federal";"10002";"1313";"MARIA DALVA DE SOUZA FIGUEIREDO";"PROF. DALVA";"#NE";"12";"APTO";"2";"DEFERIDO";"Coligação";"13";"PT";"PARTIDO DOS TRABALHADORES";"1001";"AMAPÁ FORTE";"PT / PL / PC do B";"1";"ELEITO";"N";"151"
"13/05/2022";"19:53:47";"2006";"2";"Eleição Ordinária";"1";"2006001";"ELEIÇÕES GERAIS 2006 PRIMEIRO TURNO";"01/10/2006";"F";"BA";"BA";"BAHIA";"33030";"ABARÉ";"158";"6";"Deputado Federal";"10206";"2526";"ANTÔNIO CARLOS PEIXOTO DE MAGALHÃES NETO";"ACM NETO";"#NE";"12";"APTO";"2";"DEFERIDO";"Coligação";"25";"PFL";"PARTIDO DA FRENTE LIBERAL";"1006";"POR UMA NOVA BAHIA A CADA DIA";"PFL / PP / PL / PHS / PTC";"1";"ELEITO";"N";"203"
"13/05/2022";"19:53:47";"2006";"2";"Eleição Ordinária";"1";"2006001";"ELEIÇÕES GERAIS 2006 PRIMEIRO TURNO";"01/10/2006";"F";"BA";"BA";"BAHIA";"33030";"ABARÉ";"158";"6";"Deputado Federal";"10212";"2555";"JOSÉ CARLOS ALELUIA COSTA";"ALELUIA";"#NE";"12";"APTO";"2";"DEFERIDO";"Coligação";"25";"PFL";"PARTIDO DA FRENTE LIBERAL";"1006";"POR UMA NOVA BAHIA A CADA DIA";"PFL / PP / PL / PHS / PTC";"1";"ELEITO";"N";"30"
"13/05/2022";"19:53:47";"2006";"2";"Eleição Ordinária";"1";"2006001";"ELEIÇÕES GERAIS 2006 PRIMEIRO TURNO";"01/10/2006";"F";"BA";"BA";"BAHIA";"33030";"ABARÉ";"158";"6";"Deputado Federal";"10518";"6522";"ALICE MAZZUCO PORTUGAL";"ALICE PORTUGAL";"#NE";"12";"APTO";"2";"DEFERIDO";"Coligação";"65";"PC do B";"PARTIDO COMUNISTA DO BRASIL";"1012";"PT, PC DO B, PTB E PMN";"PT / PC do B / PTB / PMN";"1";"ELEITO";"N";"5"
"13/05/2022";"19:53:47";"2006";"2";"Eleição Ordinária";"1";"2006001";"ELEIÇÕES GERAIS 2006 PRIMEIRO TURNO";"01/10/2006";"F";"BA";"BA";"BAHIA";"33030";"ABARÉ";"158";"6";"Deputado Federal";"10423";"1333";"LUIZ CARLOS BASSUMA";"BASSUMA";"#NE";"12";"APTO";"2";"DEFERIDO";"Coligação";"13";"PT";"PARTIDO DOS TRABALHADORES";"1012";"PT, PC DO B, PTB E PMN";"PT / PC do B / PTB / PMN";"1";"ELEITO";"N";"1"
"13/05/2022";"19:53:47";"2006";"2";"Eleição Ordinária";"1";"2006001";"ELEIÇÕES GERAIS 2006 PRIMEIRO TURNO";"01/10/2006";"F";"BA";"BA";"BAHIA";"33030";"ABARÉ";"158";"6";"Deputado Federal";"10520";"6565";"DANIEL GOMES DE ALMEIDA";"DANIEL";"#NE";"12";"APTO";"2";"DEFERIDO";"Coligação";"65";"PC do B";"PARTIDO COMUNISTA DO BRASIL";"1012";"PT, PC DO B, PTB E PMN";"PT / PC do B / PTB / PMN";"1";"ELEITO";"N";"10"
